step	loss
0	5.874765872955322
1	6.100471496582031
2	5.852391242980957
3	6.151623725891113
4	6.331420421600342
5	6.156797409057617
6	6.152072906494141
7	5.702744007110596
8	6.038980484008789
9	6.132194519042969
10	5.824267864227295
11	5.989759922027588
12	6.088051795959473
13	6.1359782218933105
14	6.4307732582092285
15	6.206603527069092
16	5.82498025894165
17	6.02283239364624
18	6.040571212768555
19	6.574199199676514
20	6.115398406982422
21	6.4503607749938965
22	6.560303211212158
23	6.239282131195068
24	5.104766845703125
25	5.702181339263916
26	5.674147129058838
27	6.254874229431152
28	6.124106407165527
29	6.09572696685791
30	5.895208358764648
31	6.095559120178223
32	6.140409469604492
33	5.649036407470703
34	5.412572383880615
35	5.971660137176514
36	6.380410671234131
37	6.025937557220459
38	5.9164299964904785
39	5.543272972106934
40	5.57613468170166
41	5.7852678298950195
42	6.146295070648193
43	6.474339008331299
44	6.120498180389404
45	5.978695869445801
46	6.023333549499512
47	5.912293434143066
48	6.1273298263549805
49	5.959413528442383
50	6.59456205368042
51	5.832393646240234
52	6.434929847717285
53	5.643822193145752
54	6.04122257232666
55	5.816750526428223
56	5.984200954437256
57	6.132556915283203
58	5.269503593444824
59	6.163407325744629
60	6.49527645111084
61	5.662351608276367
62	5.622483253479004
63	5.58079719543457
64	6.160609245300293
65	5.917011260986328
66	5.883653163909912
67	5.952894687652588
68	6.470086097717285
69	5.568292617797852
70	5.538729667663574
71	5.889841079711914
72	5.788589954376221
73	5.833740234375
74	5.931166648864746
75	5.932308197021484
76	5.803243160247803
77	6.645732879638672
78	6.04557466506958
79	5.626744270324707
80	6.321182727813721
81	6.208709716796875
82	5.795112133026123
83	5.978622913360596
84	5.959419250488281
85	5.693390369415283
86	5.769219875335693
87	5.471965312957764
88	5.529878616333008
89	5.9882426261901855
90	5.993300437927246
91	5.857076168060303
92	5.915891647338867
93	6.136241912841797
94	5.60107421875
95	6.2059526443481445
96	6.382963180541992
97	6.427572727203369
98	6.3258256912231445
99	6.086292743682861
100	5.824862003326416
101	6.054930686950684
102	6.166420936584473
103	6.116930961608887
104	5.986637592315674
105	6.189428806304932
106	6.091241359710693
107	6.00477409362793
108	5.82637882232666
109	5.934623718261719
110	6.203119277954102
111	6.31586217880249
112	5.874312400817871
113	5.821103572845459
114	5.8634209632873535
115	6.161731719970703
116	6.30986213684082
117	5.891836166381836
118	5.9822797775268555
119	5.890294551849365
120	5.7973551750183105
121	6.120898246765137
122	6.307298183441162
123	6.516495704650879
124	5.937112808227539
125	5.965371608734131
126	6.207959175109863
127	6.386956691741943
128	6.061073303222656
129	6.344405651092529
130	5.495136737823486
131	6.337961673736572
132	6.48806095123291
133	6.123416900634766
134	6.052499771118164
135	6.147150993347168
136	6.089568614959717
137	6.192957401275635
138	5.920566558837891
139	5.936007022857666
140	6.135287284851074
141	5.845320701599121
142	6.738743782043457
143	6.2240118980407715
144	6.422695636749268
145	5.656304359436035
146	6.5216064453125
147	5.760009765625
148	6.365653038024902
149	6.219576835632324
150	6.754756450653076
151	5.968109130859375
152	6.124879837036133
153	6.943887710571289
154	6.64451789855957
155	5.658169269561768
156	6.488985538482666
157	6.0082526206970215
158	5.78781795501709
159	5.475532054901123
160	6.4660725593566895
161	6.4379987716674805
162	6.100414276123047
163	6.58495569229126
164	5.75339412689209
165	5.660600185394287
166	6.561446666717529
167	5.334432601928711
168	6.23983907699585
169	6.712923049926758
170	5.9269280433654785
171	5.75667667388916
172	6.733526706695557
173	6.347456932067871
174	5.996363639831543
175	5.7340922355651855
176	5.923940658569336
177	6.256651878356934
178	5.919491291046143
179	5.706779479980469
180	5.590156078338623
181	6.269861221313477
182	5.980154514312744
183	6.234961032867432
184	6.217428207397461
185	6.176079750061035
186	5.697056770324707
187	5.9601311683654785
188	6.504964828491211
189	6.08127498626709
190	6.356797695159912
191	6.362513542175293
192	6.188385486602783
193	6.325299263000488
194	5.71745491027832
195	6.009860992431641
196	6.3768086433410645
197	5.74029016494751
198	5.733165740966797
199	5.524118900299072
200	5.549463272094727
201	6.0170817375183105
202	5.688082695007324
203	6.410946369171143
204	5.853846073150635
205	6.486701011657715
206	5.66865348815918
207	5.7637104988098145
208	5.940113067626953
209	6.286929607391357
210	6.374667167663574
211	6.005125522613525
212	6.1437907218933105
213	6.076831340789795
214	5.9923858642578125
215	6.161001205444336
216	6.290155410766602
217	6.335762977600098
218	5.927227973937988
219	6.079534530639648
220	5.465582370758057
221	6.002640724182129
222	6.269740104675293
223	6.260835647583008
224	5.412304401397705
225	5.696649074554443
226	5.687472343444824
227	6.233905792236328
228	6.20384407043457
229	5.584812641143799
230	5.714331150054932
231	6.702915668487549
232	5.668398857116699
233	6.161806106567383
234	6.09283971786499
235	6.308943748474121
236	5.789339542388916
237	6.424506187438965
238	5.984964847564697
239	6.615453720092773
240	5.81984806060791
241	6.159034729003906
242	5.773102760314941
243	5.6168599128723145
244	5.468946933746338
245	6.183473587036133
246	6.221330165863037
247	6.279678821563721
248	6.052732467651367
249	6.119826316833496
250	6.495309829711914
251	5.800433158874512
252	6.088063716888428
253	5.854990482330322
254	5.942671298980713
255	5.962721347808838
256	6.259449481964111
257	6.135915279388428
258	6.1676836013793945
259	6.3849196434021
260	6.203346252441406
261	6.112704277038574
262	5.899296760559082
263	6.183872222900391
264	5.885952949523926
265	5.840519905090332
266	6.05366849899292
267	6.406096458435059
268	6.239179611206055
269	6.002602577209473
270	5.777010917663574
271	6.653806686401367
272	6.492963790893555
273	5.735489368438721
274	6.004477024078369
275	5.652881622314453
276	6.384482383728027
277	5.9555487632751465
278	5.930806636810303
279	5.964113235473633
280	5.6895599365234375
281	6.430895805358887
282	5.939510345458984
283	5.892796039581299
284	6.059701919555664
285	5.809512615203857
286	5.840999126434326
287	6.058038711547852
288	5.700840950012207
289	6.202106952667236
290	6.73844051361084
291	5.747732162475586
292	6.137901782989502
293	6.477436542510986
294	5.911256790161133
295	6.288297653198242
296	6.405481815338135
297	6.1081953048706055
298	5.787820816040039
299	6.062411308288574
300	5.775389671325684
301	6.253347873687744
302	5.756718158721924
303	6.319023132324219
304	5.954181671142578
305	6.365320682525635
306	5.700870037078857
307	6.136572360992432
308	5.990653991699219
309	6.061411380767822
310	5.879242897033691
311	6.001743793487549
312	5.892568111419678
313	6.126557350158691
314	6.547114372253418
315	5.474676132202148
316	6.272121429443359
317	6.48408317565918
318	5.977176666259766
319	5.821277618408203
320	6.189215660095215
321	6.920178413391113
322	6.0986480712890625
323	5.874635696411133
324	5.72947359085083
325	6.2346296310424805
326	5.804745674133301
327	6.488206386566162
328	6.324446678161621
329	6.0358381271362305
330	6.638852119445801
331	5.977291584014893
332	5.598548889160156
333	6.112724304199219
334	5.715629577636719
335	5.788844585418701
336	6.186437606811523
337	6.046920299530029
338	6.25551700592041
339	6.034561634063721
340	6.346497058868408
341	6.05539608001709
342	6.09413480758667
343	6.411230564117432
344	5.916960716247559
345	6.04085636138916
346	6.041669845581055
347	5.891559600830078
348	6.137694358825684
349	5.529716491699219
350	6.358341217041016
351	6.351091384887695
352	6.1584625244140625
353	6.421573162078857
354	5.818643569946289
355	6.095251083374023
356	5.931849002838135
357	6.01812744140625
358	6.2295308113098145
359	6.32625150680542
360	5.792274475097656
361	5.9998698234558105
362	5.988322734832764
363	6.490546703338623
364	6.304486274719238
365	6.215623378753662
366	5.8138227462768555
367	5.862259864807129
368	6.082760334014893
369	5.952988147735596
370	6.151082515716553
371	6.057070255279541
372	5.656313896179199
373	5.649881839752197
374	6.453866481781006
375	6.569048881530762
376	5.974061012268066
377	6.345274925231934
378	5.951992034912109
379	5.665902137756348
380	6.210354328155518
381	5.855757713317871
382	6.63845682144165
383	5.781698226928711
384	5.540267467498779
385	6.0337982177734375
386	5.8150482177734375
387	6.090435028076172
388	6.556964874267578
389	5.943153381347656
390	5.8496503829956055
391	6.277337074279785
392	6.165471076965332
393	6.331781387329102
394	5.905235290527344
395	6.139839172363281
396	6.086216926574707
397	5.970511436462402
398	5.905760765075684
399	6.467526435852051
400	5.857686519622803
401	6.016862392425537
402	5.663117408752441
403	6.493900775909424
404	5.804688453674316
405	5.994170665740967
406	5.713420867919922
407	5.968173503875732
408	5.90529727935791
409	5.639492988586426
410	6.378237724304199
411	5.841579437255859
412	5.859647750854492
413	6.071242332458496
414	5.872988700866699
415	6.313203811645508
416	5.454168319702148
417	6.386250019073486
418	6.580514430999756
419	6.432978630065918
420	6.163660049438477
421	5.974404811859131
422	6.186311721801758
423	5.970226287841797
424	6.110688209533691
425	5.826794147491455
426	6.234434604644775
427	6.067473411560059
428	6.375340938568115
429	5.87369966506958
430	5.649871349334717
431	5.681821346282959
432	5.8304901123046875
433	6.109160423278809
434	5.8744001388549805
435	5.963625431060791
436	6.134469985961914
437	5.825936317443848
438	6.064898490905762
439	6.293295383453369
440	6.008855819702148
441	5.6977152824401855
442	6.283674240112305
443	5.7414021492004395
444	6.412180423736572
445	6.184621810913086
446	6.09630012512207
447	6.280899524688721
448	6.242347717285156
449	6.0091447830200195
450	6.085740566253662
451	6.156063079833984
452	5.40012264251709
453	5.965933799743652
454	5.765599250793457
455	5.877727508544922
456	5.523049831390381
457	6.3582868576049805
458	6.053928852081299
459	5.940175533294678
460	5.9474310874938965
461	6.3995842933654785
462	6.149373531341553
463	5.852932453155518
464	6.216042518615723
465	5.928308010101318
466	5.911420822143555
467	5.791788578033447
468	6.333436965942383
469	6.026010036468506
470	6.285073757171631
471	6.051793098449707
472	6.08842658996582
473	6.582327365875244
474	5.957065582275391
475	5.697916030883789
476	6.841352462768555
477	6.052542686462402
478	5.81192684173584
479	5.905431747436523
480	5.771274566650391
481	6.077839374542236
482	6.200386047363281
483	6.417510032653809
484	6.161764621734619
485	6.161150932312012
486	5.90877628326416
487	6.200148582458496
488	6.309060096740723
489	6.105194091796875
490	6.176898956298828
491	5.781827449798584
492	5.822322368621826
493	6.767912864685059
494	6.067805290222168
495	6.14175271987915
496	6.002046585083008
497	5.976825714111328
498	5.628970146179199
499	6.338342666625977
500	5.857476234436035
501	6.21359920501709
502	6.226786136627197
503	6.032972812652588
504	6.265391826629639
505	5.504306793212891
506	5.663740634918213
507	6.064785480499268
508	5.730039596557617
509	5.721236228942871
510	6.083993434906006
511	6.0476837158203125
512	5.633156776428223
513	6.5221967697143555
514	6.199557304382324
515	5.869261741638184
516	6.169514179229736
517	5.351219654083252
518	6.0790205001831055
519	6.63138484954834
520	6.672852039337158
521	6.104399681091309
522	6.069240570068359
523	6.225647926330566
524	5.992773532867432
525	6.257866382598877
526	5.420608997344971
527	6.047760009765625
528	6.057188510894775
529	6.224859237670898
530	6.152445316314697
531	5.883368492126465
532	6.5690717697143555
533	6.006324768066406
534	6.521144866943359
535	6.504892826080322
536	6.284991264343262
537	6.14074182510376
538	5.960860252380371
539	5.8371405601501465
540	5.8939290046691895
541	6.3674163818359375
542	5.802968978881836
543	6.150108814239502
544	5.818331241607666
545	6.202869892120361
546	5.631044864654541
547	6.3949151039123535
548	5.385110378265381
549	5.284245014190674
550	5.651973724365234
551	5.9012579917907715
552	5.773394584655762
553	5.920662879943848
554	5.89827823638916
555	5.425504684448242
556	6.1184868812561035
557	6.26988410949707
558	5.569643497467041
559	6.039377689361572
560	5.999352931976318
561	5.688200950622559
562	5.787174701690674
563	6.086114406585693
564	6.33120059967041
565	5.921199321746826
566	5.523540496826172
567	6.3808135986328125
568	5.5257134437561035
569	6.079387664794922
570	5.8059468269348145
571	6.419200420379639
572	5.926111698150635
573	5.19174337387085
574	6.190970420837402
575	5.756756782531738
576	6.512950897216797
577	5.812798023223877
578	6.779946804046631
579	6.378656387329102
580	5.6917195320129395
581	6.205734729766846
582	5.914168834686279
583	6.455476760864258
584	6.569138050079346
585	6.3041462898254395
586	6.02859354019165
587	6.291294574737549
588	6.829838752746582
589	5.862530708312988
590	6.404552936553955
591	5.890305519104004
592	6.161683082580566
593	6.118259906768799
594	6.361357688903809
595	6.195906162261963
596	6.5119242668151855
597	6.1903181076049805
598	5.570443630218506
599	5.982302665710449
600	6.422414779663086
601	6.205413341522217
602	6.07119607925415
603	5.820090293884277
604	6.987641334533691
605	5.939226150512695
606	6.137015342712402
607	5.8859429359436035
608	6.119831085205078
609	5.858052730560303
610	6.436662673950195
611	6.3758320808410645
612	6.31387186050415
613	5.844196796417236
614	6.745349407196045
615	6.2902679443359375
616	6.260891914367676
617	5.849117279052734
618	5.572109222412109
619	6.354015827178955
620	6.6740217208862305
621	6.539278030395508
622	5.994968891143799
623	6.029552459716797
624	5.900371551513672
625	6.361481189727783
626	6.1372222900390625
627	5.848049163818359
628	6.315805912017822
629	5.821806907653809
630	5.869781494140625
631	6.1851911544799805
632	6.305721282958984
633	6.06988000869751
634	6.148693084716797
635	6.258166790008545
636	5.724853515625
637	6.038506984710693
638	5.631980895996094
639	5.846660137176514
640	6.219371318817139
641	6.00785493850708
642	5.948398590087891
643	5.694446563720703
644	6.411135673522949
645	6.146485328674316
646	5.911348819732666
647	5.851528167724609
648	6.433157444000244
649	5.738526344299316
650	6.077213764190674
651	5.8028645515441895
652	6.257133483886719
653	6.125258445739746
654	5.635069370269775
655	6.101011753082275
656	6.117105007171631
657	6.080672264099121
658	5.6008620262146
659	6.156336784362793
660	6.2185845375061035
661	6.49485969543457
662	6.4258503913879395
663	5.853916645050049
664	6.255229473114014
665	6.023307800292969
666	6.2760844230651855
667	5.9325995445251465
668	6.184818744659424
669	5.968197822570801
670	6.222827911376953
671	6.140109062194824
672	5.9195332527160645
673	6.259787082672119
674	6.143317699432373
675	5.700169563293457
676	5.48010778427124
677	6.450822353363037
678	6.3302130699157715
679	6.217525482177734
680	6.33843994140625
681	6.138841152191162
682	6.042852401733398
683	5.566583156585693
684	6.520623683929443
685	5.620723247528076
686	6.476069927215576
687	6.064198970794678
688	5.9824604988098145
689	6.631611347198486
690	5.900984764099121
691	6.155269622802734
692	6.3220624923706055
693	6.194074630737305
694	6.109563827514648
695	5.674853801727295
696	6.341888904571533
697	6.377959728240967
698	5.718811511993408
699	5.971097946166992
700	6.37310791015625
701	6.102016448974609
702	6.3420796394348145
703	6.154172420501709
704	6.604271411895752
705	5.7635626792907715
706	5.827699184417725
707	6.614929676055908
708	5.9846510887146
709	6.077646255493164
710	6.044139385223389
711	6.408918857574463
712	6.431279182434082
713	5.9821014404296875
714	6.393808841705322
715	6.295269012451172
716	5.827733993530273
717	6.191191673278809
718	5.967038631439209
719	5.9294610023498535
720	6.494996547698975
721	6.243319988250732
722	6.311768054962158
723	6.259062767028809
724	5.557623863220215
725	6.363568305969238
726	6.236674785614014
727	6.4958271980285645
728	5.650270938873291
729	5.820581912994385
730	5.805541038513184
731	5.969985485076904
732	5.862075328826904
733	6.195825576782227
734	6.248553276062012
735	5.834815502166748
736	6.112576484680176
737	6.123892784118652
738	6.0448126792907715
739	6.153853416442871
740	6.418922424316406
741	6.21809196472168
742	6.423840045928955
743	5.862795829772949
744	6.165855884552002
745	5.7139573097229
746	5.645595550537109
747	6.275320529937744
748	6.181349754333496
749	6.135090351104736
750	6.3404645919799805
751	5.91030740737915
752	5.723588943481445
753	5.812479019165039
754	5.907076835632324
755	5.909189224243164
756	6.072756767272949
757	6.54237699508667
758	6.143454551696777
759	5.969384670257568
760	5.939297676086426
761	5.9073486328125
762	6.384676933288574
763	6.224615097045898
764	5.9840497970581055
765	5.991170883178711
766	6.040742874145508
767	6.050166130065918
768	6.0596795082092285
769	6.587925434112549
770	6.160235404968262
771	5.534343719482422
772	6.425708293914795
773	5.718430519104004
774	6.085632801055908
775	5.327188968658447
776	6.405149459838867
777	6.393895149230957
778	5.9135332107543945
779	5.810906410217285
780	6.177413463592529
781	5.984399318695068
782	5.96919059753418
783	5.9530510902404785
784	6.188009738922119
785	5.385586738586426
786	5.774603366851807
787	6.141597747802734
788	5.757896423339844
789	6.3617777824401855
790	6.1489105224609375
791	6.030608654022217
792	7.021524429321289
793	6.076725959777832
794	5.965651512145996
795	6.364719867706299
796	5.86215877532959
797	5.469303607940674
798	5.9278883934021
799	6.4115824699401855
800	5.824645042419434
801	6.367835998535156
802	5.967719554901123
803	6.258913040161133
804	6.121824741363525
805	5.761821746826172
806	5.607989311218262
807	6.1255364418029785
808	6.162362575531006
809	6.378823280334473
810	6.190666675567627
811	6.441396713256836
812	5.935379981994629
813	5.736306190490723
814	6.552422046661377
815	6.010860919952393
816	5.881124019622803
817	6.1634135246276855
818	5.256379127502441
819	6.235278606414795
820	5.795645713806152
821	5.804571628570557
822	5.909895896911621
823	5.741334438323975
824	5.902650356292725
825	6.589898109436035
826	5.873593807220459
827	5.591556549072266
828	5.6381402015686035
829	6.279332637786865
830	5.897567272186279
831	5.921353340148926
832	5.96404504776001
833	6.457705497741699
834	6.556428909301758
835	6.333979606628418
836	5.829538345336914
837	5.916135311126709
838	5.745795726776123
839	5.755390644073486
840	6.487462520599365
841	6.01088285446167
842	6.148819923400879
843	6.266925811767578
844	5.880921840667725
845	6.332430362701416
846	6.202474117279053
847	6.046021461486816
848	5.6771392822265625
849	5.943930149078369
850	6.098328590393066
851	6.327211856842041
852	6.158294677734375
853	5.902912139892578
854	6.095953464508057
855	6.036549091339111
856	5.684355735778809
857	5.907181262969971
858	5.84642219543457
859	6.425685882568359
860	5.750250816345215
861	5.807925224304199
862	5.909006118774414
863	6.043937683105469
864	6.31115198135376
865	5.868721961975098
866	6.0727410316467285
867	6.178771018981934
868	5.933071136474609
869	6.475464820861816
870	6.332793712615967
871	5.830665111541748
872	6.501476764678955
873	6.134535789489746
874	5.858275890350342
875	6.114948749542236
876	6.405759334564209
877	6.047275543212891
878	6.186441898345947
879	6.312819957733154
880	6.353227138519287
881	6.325264930725098
882	5.80463981628418
883	5.707119941711426
884	6.333821773529053
885	6.074662208557129
886	6.024138927459717
887	5.857662677764893
888	6.089033126831055
889	5.758931636810303
890	5.823237419128418
891	6.295092582702637
892	6.256943702697754
893	6.292608737945557
894	5.7846293449401855
895	6.056487083435059
896	6.394169330596924
897	6.027600288391113
898	5.9970831871032715
899	5.732638835906982
900	6.023867607116699
901	5.852275371551514
902	5.974706649780273
903	6.568732261657715
904	6.170672416687012
905	6.22654390335083
906	5.942032814025879
907	5.686618328094482
908	6.095083713531494
909	6.539485931396484
910	5.9409894943237305
911	5.843929290771484
912	6.8257832527160645
913	5.805940628051758
914	5.512040138244629
915	6.42561674118042
916	6.002032279968262
917	5.510629177093506
918	5.52384090423584
919	6.135636806488037
920	5.782983303070068
921	6.10144567489624
922	5.657425880432129
923	6.646913528442383
924	5.673570156097412
925	6.0030975341796875
926	5.877771377563477
927	5.53981351852417
928	5.845355033874512
929	6.548237323760986
930	5.950592994689941
931	6.346840858459473
932	5.747069358825684
933	6.261488914489746
934	6.175689697265625
935	6.620367527008057
936	5.8480072021484375
937	6.471131324768066
938	5.37021017074585
939	5.570583820343018
940	6.042287826538086
941	6.460381984710693
942	6.325113296508789
943	6.009435176849365
944	6.133625030517578
945	6.231168270111084
946	5.94182825088501
947	5.910579204559326
948	6.644234657287598
949	6.220485687255859
950	5.824667930603027
951	6.427964210510254
952	5.745018005371094
953	5.449798583984375
954	6.134494781494141
955	6.256714344024658
956	5.964730262756348
957	6.336986541748047
958	6.527149677276611
959	5.72162389755249
960	5.778228759765625
961	6.21041202545166
962	6.161798000335693
963	5.966658115386963
964	6.0509114265441895
965	6.224218368530273
966	5.7875189781188965
967	5.462031841278076
968	6.298177719116211
969	5.969970703125
970	6.63674783706665
971	6.205621242523193
972	6.066598415374756
973	6.500861167907715
974	5.717806339263916
975	6.241134166717529
976	6.554933547973633
977	5.7244062423706055
978	5.792843818664551
979	5.979711055755615
980	6.309094429016113
981	6.301209449768066
982	6.138317584991455
983	6.217617988586426
984	6.27933931350708
985	6.0482892990112305
986	6.169927597045898
987	6.264662742614746
988	6.2810235023498535
989	5.737780570983887
990	5.911910057067871
991	6.244063377380371
992	6.059730529785156
993	6.22031831741333
994	6.1279778480529785
995	5.83959436416626
996	5.75050163269043
997	6.32132625579834
998	6.46334171295166
999	6.385106563568115
1000	6.180507183074951
1001	6.127306938171387
1002	6.200984477996826
1003	5.793758392333984
1004	6.153195858001709
1005	6.042845726013184
1006	6.218776226043701
1007	6.64743709564209
1008	5.933721542358398
1009	5.882471561431885
1010	6.313482284545898
1011	6.152559280395508
1012	6.08027458190918
1013	5.860560894012451
1014	6.565989971160889
1015	6.376077651977539
1016	6.058555603027344
1017	6.331456184387207
1018	6.379825592041016
1019	6.170754909515381
1020	5.588615417480469
1021	5.621328353881836
1022	5.71286153793335
1023	6.393923282623291
1024	5.798763751983643
1025	6.2088799476623535
1026	5.749427318572998
1027	6.496108055114746
1028	5.81271505355835
1029	6.147078037261963
1030	6.125489711761475
1031	6.2065348625183105
1032	5.971559047698975
1033	5.680994510650635
1034	5.997498035430908
1035	5.636481285095215
1036	5.75980806350708
1037	6.179986476898193
1038	5.948149681091309
1039	6.224552631378174
1040	6.5824127197265625
1041	6.547837734222412
1042	5.591485023498535
1043	6.036304950714111
1044	5.389640808105469
1045	6.787877559661865
1046	6.44126033782959
1047	5.788839340209961
1048	6.145684719085693
1049	5.9742326736450195
1050	5.950759410858154
1051	5.769991397857666
1052	6.116135597229004
1053	6.201943874359131
1054	5.879610538482666
1055	5.48466682434082
1056	5.646523475646973
1057	6.235887050628662
1058	6.101210117340088
1059	6.1320624351501465
1060	5.97694206237793
1061	6.088612079620361
1062	5.8345112800598145
1063	6.540440559387207
1064	6.325315475463867
1065	5.746696472167969
1066	5.917462348937988
1067	6.812484264373779
1068	5.923994541168213
1069	6.273256778717041
1070	6.025349140167236
1071	6.169443130493164
1072	6.0508880615234375
1073	6.265585422515869
1074	6.041931629180908
1075	6.4603400230407715
1076	6.3700408935546875
1077	6.109233379364014
1078	6.184669494628906
1079	6.29901123046875
1080	6.381255626678467
1081	6.269946575164795
1082	5.766246318817139
1083	6.059287071228027
1084	6.353274822235107
1085	6.488186836242676
1086	5.917243003845215
1087	6.217379570007324
1088	6.015657901763916
1089	6.326760768890381
1090	6.138795375823975
1091	5.9186859130859375
1092	6.073153495788574
1093	5.828286170959473
1094	6.078398704528809
1095	5.932010650634766
1096	6.395886421203613
1097	6.313384056091309
1098	6.052755355834961
1099	6.219154357910156
1100	5.446432590484619
1101	6.1230573654174805
1102	5.548213005065918
1103	5.637847423553467
1104	5.978041172027588
1105	5.926212787628174
1106	5.272299766540527
1107	6.408664703369141
1108	6.689542293548584
1109	5.534834861755371
1110	6.038931846618652
1111	6.160671710968018
1112	5.914445877075195
1113	6.620274543762207
1114	6.510776042938232
1115	6.090591907501221
1116	5.810091495513916
1117	5.840838432312012
1118	6.1816816329956055
1119	6.2309489250183105
1120	5.565698623657227
1121	6.0792155265808105
1122	5.8524088859558105
1123	5.571919918060303
1124	6.626152038574219
1125	5.3133039474487305
1126	6.8130950927734375
1127	6.053039073944092
1128	6.592970848083496
1129	5.883018970489502
1130	6.593021392822266
1131	6.089966297149658
1132	6.144125461578369
1133	6.35987663269043
1134	5.571744918823242
1135	6.214242935180664
1136	5.942617416381836
1137	5.888439655303955
1138	6.100408554077148
1139	6.041306018829346
1140	6.159833908081055
1141	6.367059230804443
1142	6.317081451416016
1143	5.899231433868408
1144	6.101282596588135
1145	5.720467567443848
1146	6.0643696784973145
1147	6.567403316497803
1148	6.586338520050049
1149	6.19637393951416
1150	6.626494884490967
1151	6.188277721405029
1152	5.9933247566223145
1153	6.28352165222168
1154	6.312406539916992
1155	6.520928859710693
1156	5.968451499938965
1157	6.1623735427856445
1158	5.919589996337891
1159	6.487647533416748
1160	6.2651286125183105
1161	5.61300802230835
1162	5.904607772827148
1163	6.001063346862793
1164	6.001989841461182
1165	5.9643144607543945
1166	6.10515022277832
1167	6.275949954986572
1168	6.119850158691406
1169	6.333943843841553
1170	5.667812347412109
1171	6.059026718139648
1172	6.832840919494629
1173	6.590541362762451
1174	6.007383823394775
1175	6.26696252822876
1176	6.122359275817871
1177	5.625156879425049
1178	5.930792331695557
1179	5.555118560791016
1180	6.013576030731201
1181	6.034281253814697
1182	5.742026329040527
1183	6.288710594177246
1184	6.165743350982666
1185	6.09246826171875
1186	6.0702619552612305
1187	5.924707412719727
1188	6.080443382263184
1189	5.945830821990967
1190	6.231234550476074
1191	6.007070541381836
1192	5.930475234985352
1193	5.5166096687316895
1194	6.430448532104492
1195	6.421228885650635
1196	6.078509330749512
1197	5.907616138458252
1198	6.211686134338379
1199	6.506070613861084
1200	6.308478355407715
1201	5.748330593109131
1202	6.5076751708984375
1203	5.8195390701293945
1204	6.013255596160889
1205	6.612880706787109
1206	6.072397708892822
1207	6.463774681091309
1208	6.282369613647461
1209	6.044273376464844
1210	6.044552326202393
1211	6.129338264465332
1212	6.139248371124268
1213	5.913902282714844
1214	5.520334243774414
1215	6.364494800567627
1216	5.364882946014404
1217	6.097650527954102
1218	6.276432514190674
1219	5.871616840362549
1220	6.000380992889404
1221	6.27663516998291
1222	6.347674369812012
1223	5.949748516082764
1224	6.183954238891602
1225	6.0000176429748535
1226	5.8588995933532715
1227	6.265347480773926
1228	6.108836650848389
1229	6.223050594329834
1230	6.631759166717529
1231	6.350078105926514
1232	6.472553730010986
1233	6.124379634857178
1234	6.4468464851379395
1235	5.603324890136719
1236	6.123997211456299
1237	6.398474216461182
1238	5.661904335021973
1239	6.1376633644104
1240	6.013472557067871
1241	6.003453731536865
1242	5.77119779586792
1243	5.449792385101318
1244	5.8194193840026855
1245	5.876898288726807
1246	5.441905498504639
1247	6.130379676818848
1248	6.268698692321777
1249	5.766335487365723
1250	6.2129387855529785
1251	5.8191447257995605
1252	5.8208842277526855
1253	5.772808074951172
1254	6.054091453552246
1255	5.850631237030029
1256	6.21517276763916
1257	6.270478248596191
1258	6.100741386413574
1259	6.513185024261475
1260	6.050199508666992
1261	5.629062175750732
1262	6.358651161193848
1263	6.281779766082764
1264	5.897227764129639
1265	6.516571521759033
1266	6.250321865081787
1267	5.521119594573975
1268	5.9835734367370605
1269	6.231505393981934
1270	6.270802974700928
1271	5.616975784301758
1272	5.623479843139648
1273	5.900346755981445
1274	5.406752109527588
1275	6.654508113861084
1276	6.053046226501465
1277	6.068638801574707
1278	6.0505452156066895
1279	6.053717136383057
1280	6.163443565368652
1281	5.284489631652832
1282	6.117732524871826
1283	5.601029396057129
1284	6.386851787567139
1285	6.386203765869141
1286	6.1624956130981445
1287	5.612783432006836
1288	6.224661827087402
1289	6.306441307067871
1290	5.996559143066406
1291	5.579248905181885
1292	6.0014495849609375
1293	6.209797382354736
1294	5.95410680770874
1295	5.953908443450928
1296	5.942290306091309
1297	6.135651588439941
1298	6.118545055389404
1299	6.144742965698242
1300	6.07172966003418
1301	5.8584513664245605
1302	5.6068010330200195
1303	5.811527729034424
1304	6.012527942657471
1305	6.0557098388671875
1306	6.318510055541992
1307	5.973696231842041
1308	5.879030227661133
1309	6.428677558898926
1310	5.849386215209961
1311	6.235001564025879
1312	6.041241645812988
1313	6.165978908538818
1314	6.313693523406982
1315	6.316457271575928
1316	6.153981685638428
1317	5.60946798324585
1318	6.157526016235352
1319	6.1291303634643555
1320	6.365058898925781
1321	6.071066379547119
1322	5.790428638458252
1323	6.191571235656738
1324	6.056880474090576
1325	6.217502593994141
1326	5.758721351623535
1327	5.929779052734375
1328	5.8221564292907715
1329	6.292464733123779
1330	6.238598346710205
1331	6.3348164558410645
1332	6.38432502746582
1333	5.494272708892822
1334	5.77071475982666
1335	5.66796875
1336	6.315723896026611
1337	5.901255130767822
1338	6.394311904907227
1339	5.735286712646484
1340	5.461488246917725
1341	6.411441802978516
1342	6.17343282699585
1343	5.888511657714844
1344	6.771540641784668
1345	6.444302082061768
1346	6.2533111572265625
1347	6.187739372253418
1348	6.253799915313721
1349	6.443554401397705
1350	6.121486663818359
1351	5.729781150817871
1352	5.884960651397705
1353	6.301341533660889
1354	6.124727725982666
1355	5.850422382354736
1356	6.02072811126709
1357	5.890852928161621
1358	5.961242198944092
1359	5.775405406951904
1360	6.391525745391846
1361	6.0063276290893555
1362	6.168725490570068
1363	6.268387317657471
1364	5.686437606811523
1365	6.4669084548950195
1366	6.0411787033081055
1367	6.133354187011719
1368	5.43064022064209
1369	5.991279602050781
1370	5.972562313079834
1371	5.712764739990234
1372	5.708812713623047
1373	5.909729957580566
1374	6.472634315490723
1375	6.342857360839844
1376	6.208035945892334
1377	6.362790584564209
1378	6.094722270965576
1379	5.902080535888672
1380	5.816505432128906
1381	5.804422855377197
1382	6.137177467346191
1383	5.788088798522949
1384	5.79061222076416
1385	5.920921802520752
1386	5.119727611541748
1387	6.418619155883789
1388	5.930327415466309
1389	6.1207661628723145
1390	5.869876384735107
1391	6.135706901550293
1392	6.059175491333008
1393	5.993924140930176
1394	6.004733085632324
1395	6.413083076477051
1396	5.54772424697876
1397	5.800066947937012
1398	6.041447162628174
1399	5.721457481384277
1400	6.250935077667236
1401	5.90902042388916
1402	6.253083229064941
1403	6.466638565063477
1404	6.561093330383301
1405	5.710076332092285
1406	6.106635570526123
1407	5.784934043884277
1408	5.971236705780029
1409	6.109411239624023
1410	5.75089168548584
1411	6.308774948120117
1412	6.277169704437256
1413	6.533617973327637
1414	5.583195209503174
1415	5.768348217010498
1416	6.054173469543457
1417	6.342580795288086
1418	6.202728748321533
1419	6.369460582733154
1420	5.668090343475342
1421	5.956912994384766
1422	6.171815395355225
1423	5.8789167404174805
1424	6.029272556304932
1425	6.0329155921936035
1426	5.655678749084473
1427	5.801362991333008
1428	6.271284580230713
1429	6.249650001525879
1430	6.3250274658203125
1431	6.039229869842529
1432	6.016213417053223
1433	6.277296543121338
1434	6.529926300048828
1435	6.099767208099365
1436	6.277159214019775
1437	6.149190902709961
1438	5.93543815612793
1439	5.93355131149292
1440	6.026785373687744
1441	5.593892574310303
1442	6.622647762298584
1443	6.209616661071777
1444	5.8907623291015625
1445	6.300978660583496
1446	6.328712463378906
1447	5.9813079833984375
1448	6.343531608581543
1449	6.411459445953369
1450	6.007964611053467
1451	6.0901360511779785
1452	5.949258804321289
1453	6.103745937347412
1454	6.09432315826416
1455	5.698531627655029
1456	6.151467800140381
1457	6.078527927398682
1458	6.65068244934082
1459	6.422497749328613
1460	5.661789894104004
1461	6.056670188903809
1462	6.313632965087891
1463	6.258115291595459
1464	6.598777770996094
1465	5.5970988273620605
1466	6.034945964813232
1467	5.844252109527588
1468	5.792191028594971
1469	5.917216777801514
1470	5.828645706176758
1471	6.144627094268799
1472	6.040924072265625
1473	6.232517719268799
1474	5.449704170227051
1475	6.326141357421875
1476	5.310147285461426
1477	5.648162364959717
1478	6.38285493850708
1479	5.93436336517334
1480	6.005404949188232
1481	6.00953483581543
1482	6.009527206420898
1483	6.303760051727295
1484	6.394917011260986
1485	5.861963748931885
1486	5.997988700866699
1487	5.790486812591553
1488	6.130893230438232
1489	6.310478687286377
1490	6.147505760192871
1491	6.353511333465576
1492	5.485313892364502
1493	6.293975353240967
1494	6.029519557952881
1495	5.864528656005859
1496	6.632357597351074
1497	6.078136920928955
1498	5.731796741485596
1499	5.737325191497803
1500	6.238983154296875
1501	6.024041652679443
1502	6.140735626220703
1503	6.029229640960693
1504	5.6616010665893555
1505	6.059343338012695
1506	6.557412147521973
1507	6.174687385559082
1508	6.384927749633789
1509	5.8495869636535645
1510	6.317266464233398
1511	6.465226173400879
1512	5.8736042976379395
1513	6.196879863739014
1514	6.255821228027344
1515	5.863595485687256
1516	5.728990077972412
1517	6.3045654296875
1518	5.544354438781738
1519	6.187328815460205
1520	5.857661724090576
1521	6.057816982269287
1522	5.943960666656494
1523	6.014779090881348
1524	6.2132697105407715
1525	5.805003643035889
1526	6.444728851318359
1527	6.302478790283203
1528	6.118808269500732
1529	6.0554423332214355
1530	5.985668182373047
1531	5.997147560119629
1532	5.856466770172119
1533	6.281017780303955
1534	6.323598384857178
1535	5.945888996124268
1536	6.064026355743408
1537	5.863903045654297
1538	5.51158332824707
1539	6.444397926330566
1540	5.728174209594727
1541	6.175347328186035
1542	6.156862258911133
1543	6.348594665527344
1544	5.8458428382873535
1545	6.9215803146362305
1546	6.561725616455078
1547	6.258220195770264
1548	6.09349250793457
1549	6.194363594055176
1550	5.7626824378967285
1551	5.499392509460449
1552	6.304646968841553
1553	5.89997673034668
1554	6.053164482116699
1555	5.930694103240967
1556	6.59511137008667
1557	6.208890914916992
1558	6.1250319480896
1559	5.963796615600586
1560	6.096955299377441
1561	6.433090686798096
1562	5.925780773162842
1563	6.0327324867248535
1564	6.077235221862793
1565	5.900378704071045
1566	6.794933319091797
1567	6.329030990600586
1568	6.229702949523926
1569	6.115018844604492
1570	5.939087867736816
1571	6.075176239013672
1572	6.388016700744629
1573	5.934530258178711
1574	6.06514835357666
1575	6.10474967956543
1576	6.297758102416992
1577	5.598775386810303
1578	6.238287448883057
1579	5.936066627502441
1580	6.306384563446045
1581	5.928840637207031
1582	6.471889495849609
1583	6.1044602394104
1584	6.138223648071289
1585	5.617481231689453
1586	6.184857368469238
1587	6.061334133148193
1588	6.305672645568848
1589	6.0938334465026855
1590	5.969164848327637
1591	6.400203227996826
1592	6.034771919250488
1593	6.733358860015869
1594	5.869100570678711
1595	5.980286598205566
1596	6.023394584655762
1597	6.3879313468933105
1598	6.252147197723389
1599	6.368561744689941
1600	5.482393264770508
1601	6.0972723960876465
1602	5.9794816970825195
1603	6.29979133605957
1604	5.869259834289551
1605	5.648032188415527
1606	5.121805667877197
1607	6.058298110961914
1608	6.145790100097656
1609	6.575244903564453
1610	5.710882186889648
1611	5.85053014755249
1612	6.257343769073486
1613	5.832427978515625
1614	6.439755916595459
1615	6.364694118499756
1616	5.855857849121094
1617	6.0457258224487305
1618	6.013786315917969
1619	6.133127689361572
1620	5.722249984741211
1621	5.918069839477539
1622	6.357144355773926
1623	6.0458269119262695
1624	6.34704065322876
1625	6.488595485687256
1626	5.808678150177002
1627	6.137933254241943
1628	6.368053913116455
1629	5.650115966796875
1630	6.144064903259277
1631	5.783885478973389
1632	6.366648197174072
1633	6.153072357177734
1634	6.111629486083984
1635	6.5090813636779785
1636	6.527730464935303
1637	5.814722537994385
1638	6.348013877868652
1639	6.071764945983887
1640	6.034716606140137
1641	5.848114967346191
1642	5.791587829589844
1643	6.249204158782959
1644	6.059205055236816
1645	6.014580726623535
1646	5.843097686767578
1647	5.784629821777344
1648	5.767906665802002
1649	6.105504512786865
1650	6.149139404296875
1651	5.916192531585693
1652	6.023453712463379
1653	5.778767108917236
1654	6.233123779296875
1655	6.1120076179504395
1656	6.074334144592285
1657	5.669670104980469
1658	5.771882057189941
1659	6.079822063446045
1660	6.421024322509766
1661	6.1572113037109375
1662	6.40697717666626
1663	5.980818748474121
1664	6.364262580871582
1665	6.031277656555176
1666	5.752784729003906
1667	6.425342082977295
1668	6.3821187019348145
1669	6.248737812042236
1670	6.463300704956055
1671	6.1832499504089355
1672	5.641001224517822
1673	5.811009407043457
1674	6.322700023651123
1675	6.4130449295043945
1676	5.963761329650879
1677	6.12215518951416
1678	6.033950328826904
1679	6.453088760375977
1680	6.146200656890869
1681	6.195910453796387
1682	5.903636932373047
1683	5.901354789733887
1684	5.80680513381958
1685	6.071120262145996
1686	6.088023662567139
1687	5.794891834259033
1688	6.524197578430176
1689	5.4629411697387695
1690	6.384551525115967
1691	5.371337413787842
1692	5.665907859802246
1693	5.847752571105957
1694	6.149590492248535
1695	6.630980968475342
1696	5.773503303527832
1697	6.1574482917785645
1698	5.9576520919799805
1699	6.105217933654785
1700	6.0435919761657715
1701	5.685774326324463
1702	5.856381416320801
1703	5.850579261779785
1704	5.967012882232666
1705	6.329763412475586
1706	5.864201068878174
1707	5.770054340362549
1708	6.170071125030518
1709	6.233538627624512
1710	5.8465046882629395
1711	6.027169704437256
1712	5.788711071014404
1713	6.130067348480225
1714	5.967068195343018
1715	6.397347450256348
1716	6.044161319732666
1717	6.2425312995910645
1718	5.922544002532959
1719	5.90997838973999
1720	6.04078483581543
1721	5.892107963562012
1722	6.3196187019348145
1723	6.484816551208496
1724	6.617488384246826
1725	5.488794803619385
1726	5.617606163024902
1727	5.603170394897461
1728	5.739284038543701
1729	6.121615886688232
1730	5.899794101715088
1731	6.06206750869751
1732	6.078815937042236
1733	5.900762557983398
1734	5.737233638763428
1735	6.051922798156738
1736	5.771109580993652
1737	6.423283576965332
1738	5.86869478225708
1739	6.081352233886719
1740	6.323029518127441
1741	6.49036169052124
1742	6.293705940246582
1743	6.500200271606445
1744	6.055524826049805
1745	5.912625312805176
1746	6.331024646759033
1747	6.186254024505615
1748	5.552927494049072
1749	5.689757347106934
1750	6.319825649261475
1751	6.221286296844482
1752	5.411891937255859
1753	5.905014991760254
1754	6.191758632659912
1755	6.200169563293457
1756	5.933241367340088
1757	6.478852272033691
1758	6.124835014343262
1759	6.115382194519043
1760	6.3683271408081055
1761	5.921901226043701
1762	6.118357181549072
1763	6.186157703399658
1764	6.185068607330322
1765	5.992824554443359
1766	6.0094990730285645
1767	5.935319900512695
1768	5.999706745147705
1769	5.894248008728027
1770	6.403205394744873
1771	5.601624011993408
1772	6.020553112030029
1773	6.305296897888184
1774	5.866073131561279
1775	6.364416122436523
1776	5.683877468109131
1777	5.925032138824463
1778	6.320000171661377
1779	6.036404132843018
1780	5.6968278884887695
1781	5.582827091217041
1782	6.420138835906982
1783	5.564977169036865
1784	5.782164573669434
1785	5.721726894378662
1786	5.862123012542725
1787	6.312088489532471
1788	6.363697528839111
1789	6.422341346740723
1790	6.462376117706299
1791	5.858579158782959
1792	5.748408794403076
1793	5.342741966247559
1794	5.866098403930664
1795	5.844918251037598
1796	5.829774856567383
1797	5.233673095703125
1798	6.046682357788086
1799	6.042027473449707
1800	6.295378684997559
1801	5.583165168762207
1802	5.821225643157959
1803	6.47542142868042
1804	6.045631408691406
1805	6.698681354522705
1806	6.179028034210205
1807	5.630478382110596
1808	5.6039862632751465
1809	5.75311803817749
1810	5.371485233306885
1811	6.12639856338501
1812	6.228934288024902
1813	6.0130462646484375
1814	5.680743217468262
1815	6.0562591552734375
1816	6.573619842529297
1817	5.76487398147583
1818	6.1041388511657715
1819	5.826101303100586
1820	5.970734596252441
1821	6.030606269836426
1822	6.3755292892456055
1823	6.549368381500244
1824	6.001928806304932
1825	6.169015884399414
1826	5.8800435066223145
1827	6.136822700500488
1828	6.200781345367432
1829	6.2600932121276855
1830	6.340270519256592
1831	5.766570568084717
1832	5.42923641204834
1833	6.36176872253418
1834	5.8524322509765625
1835	6.222905158996582
1836	6.2834954261779785
1837	6.12751579284668
1838	5.783418655395508
1839	6.2929816246032715
1840	5.676636219024658
1841	5.938729286193848
1842	5.915243625640869
1843	6.412425518035889
1844	6.346751689910889
1845	6.12190055847168
1846	6.064609050750732
1847	5.403681755065918
1848	6.31234073638916
1849	6.049222946166992
1850	5.792177200317383
1851	6.280108451843262
1852	6.200046062469482
1853	5.890627861022949
1854	5.458207130432129
1855	5.890983581542969
1856	6.0162577629089355
1857	6.252156734466553
1858	6.3110175132751465
1859	5.956439971923828
1860	6.204254150390625
1861	6.135095596313477
1862	5.777205467224121
1863	6.021146297454834
1864	5.982578754425049
1865	6.254101753234863
1866	6.182673454284668
1867	5.999873161315918
1868	5.869118690490723
1869	6.423635959625244
1870	5.805894374847412
1871	5.998388767242432
1872	5.77227783203125
1873	5.961067199707031
1874	6.326014518737793
1875	6.017172813415527
1876	5.560570240020752
1877	6.13775110244751
1878	6.160128593444824
1879	6.3353986740112305
1880	5.955264568328857
1881	6.365675926208496
1882	6.349182605743408
1883	5.724722862243652
1884	6.550518035888672
1885	5.681762218475342
1886	5.993563652038574
1887	6.4400129318237305
1888	6.303807258605957
1889	5.804641246795654
1890	6.543636322021484
1891	6.002687931060791
1892	6.000375270843506
1893	6.04525899887085
1894	5.810843467712402
1895	6.1929426193237305
1896	6.35393762588501
1897	6.219102382659912
1898	6.087498188018799
1899	5.8251423835754395
1900	6.344357967376709
1901	6.309449672698975
1902	5.5819315910339355
1903	5.7674150466918945
1904	5.955043315887451
1905	5.847568035125732
1906	5.981500625610352
1907	6.056795120239258
1908	6.3470377922058105
1909	6.194385528564453
1910	5.791987895965576
1911	6.40621280670166
1912	6.040902137756348
1913	6.00044059753418
1914	6.367924690246582
1915	6.12615966796875
1916	5.968254089355469
1917	5.78579044342041
1918	6.245302677154541
1919	5.893768310546875
1920	5.8457112312316895
1921	5.930444717407227
1922	5.850712776184082
1923	5.7068047523498535
1924	5.880298137664795
1925	5.995924949645996
1926	6.193879127502441
1927	6.082383155822754
1928	5.880223751068115
1929	6.1089630126953125
1930	5.641046047210693
1931	6.031836986541748
1932	6.5650553703308105
1933	6.288093566894531
1934	5.884696006774902
1935	5.751073360443115
1936	5.782947063446045
1937	6.137857437133789
1938	6.799332141876221
1939	5.982702255249023
1940	6.276059150695801
1941	6.2885422706604
1942	5.68613862991333
1943	5.8236613273620605
1944	6.191542625427246
1945	6.007960319519043
1946	6.591344833374023
1947	5.814384937286377
1948	5.911075115203857
1949	5.895541667938232
1950	5.691995620727539
1951	6.2516679763793945
1952	6.704718112945557
1953	6.519302845001221
1954	6.116372585296631
1955	5.95258092880249
1956	5.718664646148682
1957	6.284894943237305
1958	5.952712059020996
1959	5.976545333862305
1960	6.418031215667725
1961	6.0868401527404785
1962	5.950234889984131
1963	5.8868489265441895
1964	6.082920551300049
1965	5.639186859130859
1966	6.378276348114014
1967	6.349331378936768
1968	6.0090532302856445
1969	5.7349042892456055
1970	6.561928749084473
1971	6.412187099456787
1972	6.177356243133545
1973	6.20065450668335
1974	5.8688554763793945
1975	5.773582935333252
1976	6.072230815887451
1977	6.129853248596191
1978	6.183195114135742
1979	6.123333930969238
1980	5.872568130493164
1981	6.071141719818115
1982	6.657071113586426
1983	6.184727668762207
1984	5.4484477043151855
1985	6.014034748077393
1986	6.672708988189697
1987	5.884652614593506
1988	5.8793840408325195
1989	5.821994781494141
1990	6.069731712341309
1991	5.804634094238281
1992	6.2516279220581055
1993	6.293623924255371
1994	6.210342884063721
1995	6.295243740081787
1996	6.075972080230713
1997	5.9486165046691895
1998	6.1619086265563965
1999	6.0238518714904785
2000	5.169018268585205
2001	5.818270683288574
2002	5.747457981109619
2003	5.99338960647583
2004	5.2909255027771
2005	6.306437969207764
2006	5.112782955169678
2007	6.342757701873779
2008	5.999283790588379
2009	6.180379867553711
2010	6.1148762702941895
2011	6.532652378082275
2012	5.97463321685791
2013	5.371457576751709
2014	5.887265682220459
2015	5.869200229644775
2016	6.10890531539917
2017	6.514758110046387
2018	5.66037130355835
2019	5.936648845672607
2020	6.5056304931640625
2021	6.012879371643066
2022	6.042855262756348
2023	6.260512351989746
2024	5.489598751068115
2025	6.180854797363281
2026	6.1948089599609375
2027	5.745860576629639
2028	6.072863578796387
2029	6.146351337432861
2030	6.070701599121094
2031	5.7551960945129395
2032	5.880540370941162
2033	5.790262222290039
2034	6.1214399337768555
2035	6.15721321105957
2036	6.496188163757324
2037	6.239041805267334
2038	6.611394882202148
2039	5.5968122482299805
2040	5.994348049163818
2041	6.106113910675049
2042	6.208131790161133
2043	5.95912504196167
2044	6.01842737197876
2045	5.509844779968262
2046	6.320786952972412
2047	6.1849684715271
2048	6.1042022705078125
2049	5.983994007110596
2050	6.186770439147949
2051	5.818359851837158
2052	6.136181354522705
2053	6.332638263702393
2054	5.576347351074219
2055	6.413891315460205
2056	6.046023845672607
2057	5.74098014831543
2058	5.746883869171143
2059	5.684296131134033
2060	5.94792366027832
2061	5.715438365936279
2062	5.7595133781433105
2063	6.1193766593933105
2064	6.0479583740234375
2065	6.069797515869141
2066	5.998144626617432
2067	6.167845726013184
2068	6.494034290313721
2069	6.436223030090332
2070	6.26460075378418
2071	5.802089214324951
2072	5.959458351135254
2073	5.936248779296875
2074	6.073493480682373
2075	5.865566730499268
2076	5.471536636352539
2077	6.4718918800354
2078	5.999455451965332
2079	6.5868353843688965
2080	6.303020477294922
2081	5.90269136428833
2082	6.250185489654541
2083	5.5169997215271
2084	5.950287342071533
2085	5.730782985687256
2086	6.402120590209961
2087	5.9867119789123535
2088	5.957211017608643
2089	6.011347770690918
2090	5.79907751083374
2091	5.781030654907227
2092	5.95377779006958
2093	6.111209392547607
2094	5.7258172035217285
2095	6.263708114624023
2096	5.818533897399902
2097	5.64206600189209
2098	6.24543571472168
2099	6.242428779602051
2100	5.752789497375488
2101	6.030942916870117
2102	5.98790168762207
2103	5.902010917663574
2104	5.516552448272705
2105	6.208591938018799
2106	6.3349199295043945
2107	6.421714782714844
2108	6.82120943069458
2109	5.947372913360596
2110	5.996405124664307
2111	6.093976974487305
2112	5.9882049560546875
2113	5.9463300704956055
2114	6.096280574798584
2115	6.101176738739014
2116	6.093104839324951
2117	6.05628776550293
2118	5.996274948120117
2119	5.982851505279541
2120	6.328883647918701
2121	5.961480140686035
2122	6.02982759475708
2123	5.762778282165527
2124	6.111638069152832
2125	6.455618381500244
2126	6.261862277984619
2127	6.211246490478516
2128	6.379697322845459
2129	6.540946960449219
2130	6.544722080230713
2131	5.9823527336120605
2132	6.236637592315674
2133	5.958072185516357
2134	6.642270088195801
2135	6.607300281524658
2136	5.724013805389404
2137	6.084795951843262
2138	6.467846870422363
2139	5.677055835723877
2140	5.950457572937012
2141	5.714884281158447
2142	5.7826433181762695
2143	6.024637699127197
2144	6.330231666564941
2145	5.8402934074401855
2146	6.2312469482421875
2147	6.211531639099121
2148	6.006208419799805
2149	6.316250801086426
2150	5.852762222290039
2151	6.244009017944336
2152	6.096536636352539
2153	6.322002410888672
2154	6.1755266189575195
2155	5.555720329284668
2156	5.868052959442139
2157	6.126540184020996
2158	5.761142730712891
2159	5.657331466674805
2160	5.8334641456604
2161	6.019083499908447
2162	6.354484558105469
2163	6.468353748321533
2164	5.686532974243164
2165	6.263493537902832
2166	5.418946266174316
2167	5.804485321044922
2168	5.964925765991211
2169	6.019836902618408
2170	6.029482364654541
2171	6.339444160461426
2172	6.133301734924316
2173	5.392866611480713
2174	5.853415489196777
2175	5.896237850189209
2176	5.561230182647705
2177	6.2510986328125
2178	6.859248161315918
2179	6.401756286621094
2180	6.341516971588135
2181	6.0203776359558105
2182	6.589836120605469
2183	6.269833087921143
2184	5.783549785614014
2185	6.707799434661865
2186	5.840009689331055
2187	6.131638050079346
2188	6.485666751861572
2189	6.324696063995361
2190	6.703906059265137
2191	6.355902194976807
2192	5.776399612426758
2193	6.162083625793457
2194	6.086546897888184
2195	5.898406982421875
2196	5.9984235763549805
2197	6.453661918640137
2198	6.214767932891846
2199	6.234918117523193
2200	6.070783615112305
2201	5.831246376037598
2202	5.8484907150268555
2203	6.477830410003662
2204	5.824603080749512
2205	5.530354022979736
2206	5.762452125549316
2207	5.905320644378662
2208	5.960331916809082
2209	6.0760579109191895
2210	6.257582664489746
2211	6.297472953796387
2212	6.394893169403076
2213	5.565747261047363
2214	6.023646354675293
2215	6.192190647125244
2216	5.837040424346924
2217	6.1882805824279785
2218	5.80120325088501
2219	6.613343715667725
2220	6.059205055236816
2221	6.051913738250732
2222	5.5870466232299805
2223	6.085384845733643
2224	5.969314098358154
2225	5.882495880126953
2226	6.059154510498047
2227	5.77292537689209
2228	5.761048793792725
2229	6.142923355102539
2230	5.898143291473389
2231	6.139906406402588
2232	5.548209190368652
2233	5.947522163391113
2234	6.1004743576049805
2235	6.115495204925537
2236	6.074694633483887
2237	5.859295845031738
2238	5.661876678466797
2239	5.827113628387451
2240	6.269484996795654
2241	5.81728982925415
2242	6.456702709197998
2243	6.114675521850586
2244	6.372669219970703
2245	6.51663875579834
2246	5.9374895095825195
2247	6.111432075500488
2248	5.8479108810424805
2249	6.219151020050049
2250	5.6653032302856445
2251	6.098145961761475
2252	6.407437324523926
2253	6.187734127044678
2254	6.017217636108398
2255	6.151372909545898
2256	6.080420017242432
2257	5.781330108642578
2258	5.769986629486084
2259	6.237922191619873
2260	6.229659080505371
2261	6.074138164520264
2262	5.765830039978027
2263	5.967569828033447
2264	6.225765228271484
2265	6.410638332366943
2266	5.878509521484375
2267	6.104197978973389
2268	6.3564133644104
2269	5.977927207946777
2270	6.179008960723877
2271	5.945897579193115
2272	6.5240888595581055
2273	5.802353858947754
2274	5.588734149932861
2275	6.642861366271973
2276	5.848926544189453
2277	6.338221073150635
2278	6.146661758422852
2279	6.68586540222168
2280	5.638642311096191
2281	6.462980270385742
2282	6.302082538604736
2283	6.465850830078125
2284	5.68795108795166
2285	6.035978317260742
2286	5.456722259521484
2287	5.589418411254883
2288	6.143813133239746
2289	5.849926948547363
2290	5.9344587326049805
2291	6.2255659103393555
2292	6.222790718078613
2293	6.154884338378906
2294	6.302638053894043
2295	6.239181995391846
2296	5.673165321350098
2297	6.161861896514893
2298	5.746326923370361
2299	6.201960563659668
2300	6.563976764678955
2301	5.758742332458496
2302	6.034582614898682
2303	5.968869209289551
2304	5.936933994293213
2305	6.30249547958374
2306	5.884669780731201
2307	6.28440523147583
2308	6.181103229522705
2309	6.371009826660156
2310	6.014674186706543
2311	6.039656639099121
2312	6.063671588897705
2313	6.145500659942627
2314	6.386404991149902
2315	5.920167446136475
2316	6.061715602874756
2317	6.3364739418029785
2318	6.0633087158203125
2319	5.864161014556885
2320	6.729798316955566
2321	6.602941513061523
2322	6.265000343322754
2323	5.850473880767822
2324	6.218207359313965
2325	5.9098358154296875
2326	5.781426906585693
2327	5.955174922943115
2328	6.350815773010254
2329	6.544589042663574
2330	6.036985397338867
2331	6.13916540145874
2332	6.113742351531982
2333	6.3548479080200195
2334	5.9117560386657715
2335	6.1880669593811035
2336	6.23897647857666
2337	5.923989295959473
2338	6.154446601867676
2339	6.140665054321289
2340	5.9677934646606445
2341	6.479769706726074
2342	6.0860137939453125
2343	6.170047283172607
2344	6.037414073944092
2345	6.357926845550537
2346	5.878515243530273
2347	6.153416156768799
2348	6.4397501945495605
2349	5.874332904815674
2350	6.322877407073975
2351	6.194802761077881
2352	6.147912502288818
2353	6.270231246948242
2354	6.111906051635742
2355	6.426497936248779
2356	6.052021503448486
2357	6.021327018737793
2358	5.869813919067383
2359	6.349342346191406
2360	6.2104878425598145
2361	5.952723979949951
2362	5.656307697296143
2363	6.570959568023682
2364	5.8602142333984375
2365	6.2574334144592285
2366	6.452213287353516
2367	5.821944713592529
2368	6.030343532562256
2369	6.554988384246826
2370	6.137280464172363
2371	5.97196102142334
2372	6.206716537475586
2373	6.419362545013428
2374	5.956408977508545
2375	6.224000930786133
2376	5.796581745147705
2377	6.099668502807617
2378	6.2275567054748535
2379	6.050821781158447
2380	6.231762886047363
2381	5.638477325439453
2382	6.276585102081299
2383	5.861470699310303
2384	5.977327346801758
2385	5.559391975402832
2386	5.676170349121094
2387	5.796380996704102
2388	6.16459321975708
2389	6.3197503089904785
2390	5.9853057861328125
2391	5.858922481536865
2392	5.707920551300049
2393	6.247004985809326
2394	5.910141468048096
2395	6.042917728424072
2396	6.064671039581299
2397	6.49018669128418
2398	6.034572601318359
2399	5.765696048736572
2400	6.282389163970947
2401	6.004877090454102
2402	6.127376079559326
2403	6.141468524932861
2404	5.796146869659424
2405	5.753533840179443
2406	5.995553970336914
2407	6.336259365081787
2408	5.92030143737793
2409	5.355222702026367
2410	5.682565212249756
2411	5.771610736846924
2412	5.910285949707031
2413	6.5335283279418945
2414	6.081673622131348
2415	5.5346903800964355
2416	6.378068923950195
2417	6.162352561950684
2418	6.745120048522949
2419	6.007745742797852
2420	6.540608882904053
2421	5.896105766296387
2422	6.157534122467041
2423	6.627080917358398
2424	6.008879661560059
2425	5.996053218841553
2426	5.759018421173096
2427	6.18709659576416
2428	6.480937957763672
2429	6.3711981773376465
2430	6.314894199371338
2431	6.2803568840026855
2432	5.742776393890381
2433	5.732835292816162
2434	6.279483318328857
2435	6.413908004760742
2436	6.073123455047607
2437	5.971644878387451
2438	5.83284330368042
2439	6.6298747062683105
2440	6.620779037475586
2441	6.1282243728637695
2442	6.0947089195251465
2443	5.921117305755615
2444	5.93135404586792
2445	6.003580093383789
2446	6.168843746185303
2447	5.696366786956787
2448	5.757723331451416
2449	6.309773921966553
2450	6.234747886657715
2451	6.098917007446289
2452	5.86886739730835
2453	6.542305946350098
2454	6.434773921966553
2455	6.387299060821533
2456	6.236710548400879
2457	5.454326629638672
2458	5.802440166473389
2459	6.121711730957031
2460	6.188188552856445
2461	6.0870513916015625
2462	6.283356189727783
2463	5.574549674987793
2464	6.199582576751709
2465	5.612661838531494
2466	5.826729774475098
2467	6.235217094421387
2468	6.024280548095703
2469	5.58281946182251
2470	6.136539459228516
2471	5.530516624450684
2472	5.849391460418701
2473	5.8611063957214355
2474	6.472664833068848
2475	5.857491493225098
2476	6.249301433563232
2477	5.855058670043945
2478	5.410102844238281
2479	5.962390422821045
2480	6.0993218421936035
2481	5.6402153968811035
2482	6.142565727233887
2483	6.584751129150391
2484	6.372406005859375
2485	6.023167133331299
2486	6.166402816772461
2487	6.437239170074463
2488	5.3994035720825195
2489	6.434688091278076
2490	6.212738513946533
2491	6.104372978210449
2492	6.26453971862793
2493	6.71357536315918
2494	5.383899688720703
2495	6.11692476272583
2496	6.188335418701172
2497	6.429354667663574
2498	6.270638942718506
2499	5.939908504486084
2500	6.0108819007873535
2501	6.1781697273254395
2502	6.356988430023193
2503	6.348144054412842
2504	5.976372241973877
2505	5.897411346435547
2506	5.932804584503174
2507	5.924839973449707
2508	6.4118971824646
2509	5.851049900054932
2510	6.365423202514648
2511	6.34160852432251
2512	5.995011806488037
2513	6.00919771194458
2514	6.466435432434082
2515	6.542724132537842
2516	5.855393886566162
2517	6.528476238250732
2518	6.30166482925415
2519	5.921844005584717
2520	6.34358549118042
2521	6.029384613037109
2522	6.41384744644165
2523	6.465124130249023
2524	6.152536869049072
2525	6.162701606750488
2526	6.524600505828857
2527	6.2983198165893555
2528	5.571091651916504
2529	5.933899402618408
2530	5.8369951248168945
2531	6.173952579498291
2532	6.19163703918457
2533	5.993184566497803
2534	5.964972019195557
2535	6.438239097595215
2536	6.048456192016602
2537	6.156919479370117
2538	5.843416690826416
2539	6.484591484069824
2540	6.360525131225586
2541	6.006145000457764
2542	5.856645584106445
2543	6.19132137298584
2544	5.983092784881592
2545	6.330432891845703
2546	5.86290979385376
2547	6.083355903625488
2548	6.276943683624268
2549	6.752156734466553
2550	5.699232578277588
2551	5.959103584289551
2552	5.9493937492370605
2553	5.479241371154785
2554	6.390570163726807
2555	6.344501495361328
2556	6.0597944259643555
2557	6.240838527679443
2558	6.489579200744629
2559	6.4197468757629395
2560	5.766077041625977
2561	5.516119956970215
2562	5.938209056854248
2563	6.490180015563965
2564	6.297285079956055
2565	6.018413066864014
2566	5.870517253875732
2567	5.908730983734131
2568	6.219343185424805
2569	6.051205158233643
2570	5.646207332611084
2571	5.983335018157959
2572	5.607813358306885
2573	5.96446418762207
2574	5.78909969329834
2575	5.820361137390137
2576	6.3017048835754395
2577	5.8153395652771
2578	5.66702938079834
2579	6.311187744140625
2580	6.339309215545654
2581	5.4386701583862305
2582	6.247020721435547
2583	6.052833080291748
2584	6.570001602172852
2585	5.938858985900879
2586	6.551384449005127
2587	5.98203706741333
2588	5.748979091644287
2589	6.011317729949951
2590	6.069064140319824
2591	6.073912620544434
2592	6.203902721405029
2593	5.773924827575684
2594	6.406369209289551
2595	5.614844799041748
2596	6.516403675079346
2597	5.5121259689331055
2598	6.178680419921875
2599	6.01657247543335
2600	6.1062493324279785
2601	6.479794502258301
2602	5.78514289855957
2603	6.042425632476807
2604	6.024079322814941
2605	5.722429275512695
2606	5.707828044891357
2607	5.721955299377441
2608	5.782951831817627
2609	6.356603622436523
2610	6.379056453704834
2611	5.513331890106201
2612	6.243555068969727
2613	6.689597129821777
2614	6.629472732543945
2615	6.053348541259766
2616	5.962884902954102
2617	6.934690952301025
2618	5.720170497894287
2619	6.041385173797607
2620	5.992548942565918
2621	6.375655174255371
2622	6.519593715667725
2623	6.298030853271484
2624	6.148603916168213
2625	6.046534061431885
2626	6.177609920501709
2627	5.972960948944092
2628	5.848067760467529
2629	6.033632755279541
2630	6.55251932144165
2631	5.542451858520508
2632	6.233150005340576
2633	5.9901604652404785
2634	5.420743942260742
2635	6.631598949432373
2636	6.289434909820557
2637	5.91817569732666
2638	6.095725059509277
2639	6.16477632522583
2640	5.828149795532227
2641	5.914219856262207
2642	6.330740928649902
2643	5.924776554107666
2644	5.836943626403809
2645	6.0324602127075195
2646	5.859010696411133
2647	6.610541343688965
2648	5.5498552322387695
2649	5.947998046875
2650	5.645924091339111
2651	5.794442653656006
2652	6.441781044006348
2653	6.263916969299316
2654	6.233115196228027
2655	6.224960803985596
2656	5.954305648803711
2657	5.672500133514404
2658	6.221128940582275
2659	5.644016742706299
2660	6.201845645904541
2661	5.762284278869629
2662	6.077340126037598
2663	5.955714702606201
2664	5.9208984375
2665	5.878094673156738
2666	6.034672737121582
2667	5.9323320388793945
2668	6.399449348449707
2669	6.046139240264893
2670	5.737639427185059
2671	5.848207473754883
2672	5.426053047180176
2673	5.9320068359375
2674	5.969526767730713
2675	5.970280647277832
2676	6.136839389801025
2677	6.285391807556152
2678	5.956089973449707
2679	6.66514253616333
2680	5.790693759918213
2681	6.143324375152588
2682	6.0606842041015625
2683	6.305981636047363
2684	6.1841044425964355
2685	6.264184474945068
2686	6.131776332855225
2687	6.359001159667969
2688	5.952878952026367
2689	6.627773761749268
2690	6.221121311187744
2691	6.1226372718811035
2692	5.54813289642334
2693	5.855193614959717
2694	6.163726329803467
2695	6.400435447692871
2696	6.141876220703125
2697	5.738787651062012
2698	6.442899227142334
2699	5.900595188140869
2700	6.36029577255249
2701	6.340200901031494
2702	5.727756023406982
2703	5.920893669128418
2704	5.960801601409912
2705	5.920173645019531
2706	6.433385848999023
2707	5.902581691741943
2708	6.122166156768799
2709	5.917373180389404
2710	6.057582855224609
2711	6.039424896240234
2712	6.592067241668701
2713	5.825832366943359
2714	5.840972423553467
2715	5.7925848960876465
2716	5.836536407470703
2717	5.801481246948242
2718	6.1710591316223145
2719	5.8622212409973145
2720	6.206479549407959
2721	5.96396541595459
2722	6.095367431640625
2723	6.018039703369141
2724	5.955929756164551
2725	6.104276657104492
2726	5.967419624328613
2727	6.441627502441406
2728	6.434894561767578
2729	6.111187934875488
2730	6.417316436767578
2731	6.087916851043701
2732	5.914570331573486
2733	5.582395076751709
2734	6.429164409637451
2735	6.252195835113525
2736	5.949341773986816
2737	6.0808796882629395
2738	5.814527988433838
2739	5.828440189361572
2740	5.4378156661987305
2741	5.6854753494262695
2742	6.3609232902526855
2743	5.913792133331299
2744	5.814800262451172
2745	6.187882900238037
2746	5.6533050537109375
2747	6.14811372756958
2748	6.111279487609863
2749	6.014280319213867
2750	5.456611156463623
2751	5.5245819091796875
2752	5.816598415374756
2753	6.040409564971924
2754	5.662055969238281
2755	6.082894325256348
2756	6.229930400848389
2757	6.076087951660156
2758	5.962068557739258
2759	6.399597644805908
2760	5.807971954345703
2761	6.189772129058838
2762	6.188076019287109
2763	6.024799823760986
2764	6.046661853790283
2765	6.002819061279297
2766	6.095791339874268
2767	6.4880475997924805
2768	6.349486351013184
2769	6.072012901306152
2770	5.855620861053467
2771	6.144096851348877
2772	6.480542182922363
2773	5.797430515289307
